"";"V1";"V2"
"3";0,520783199840782;-0,199994450164923
"5";0,205433174044063;0,427093368621583
"6";-0,424826765265654;0,0272790051797048
"7";0,520783199840781;-0,199994450164918
"10";-0,141547999617004;-0,158596702323851
"11";0,204280888994767;0,00264046927600641
"13";0,426403917031516;-0,0867606207399381
"14";0,0867527970902099;0,24489100256309
"15";0,221075636057736;0,452610593338941
"17";-0,323413951531408;-0,0515910477976765
"19";-0,141547999617004;-0,158596702323851
"20";0,126986943105763;0,462707545459289
"21";0,272666988475921;-0,462869833691625
"24";-0,391833232478377;-0,0289600305253739
"25";0,306388295208673;-0,0392534649736082
"26";0,152486666363365;0,187403162116362
"29";-0,263157913448078;-0,0950626296557458
"32";0,251249298955074;0,387311122704772
"33";0,135346088821607;0,283025168172317
"34";-0,247894594491945;-0,0243008335989578
"35";-0,394300780130394;-0,0253904456198191
"36";0,0203713778838213;0,251758070668589
"38";-0,153670317224681;-0,229902236974144
"39";0,0752302911982208;0,414550871735305
"41";-0,305248678324778;-0,0881938326925071
"43";0,425390384563071;-0,0981248221455909
"44";-0,39676624689716;-0,0923097319888069
"45";0,126527684615588;-0,00633434878608365
"47";0,286847095672221;-0,503427702467096
"50";0,136249119984168;0,416166686193013
"51";0,264236117629409;0,191579627386308
"52";-0,453901040256713;-0,0348526156043523
"53";-0,364863085430703;-0,117337154861449
"54";0,0399591420360118;0,195177839738391
"55";-0,271806801130854;0,000476839074402159
"56";-0,285573403890064;-0,162371753507703
"57";-0,134187957954256;-0,164590095337836
"58";-0,352637171236425;-0,114554617318508
"59";-0,190685659147142;0,316062655982533
"60";0,295149170158312;-0,0816381919820007
"62";-0,103744954804889;0,170211419044351
"64";0,160370099678267;0,0585826302381879
"65";-0,415593926766269;-0,109838778155979
"67";0,465451680850796;-0,104361082618357
"68";-0,16398462907631;-0,0576127116769869
"70";-0,0322052749020656;0,171530814982709
"71";0,181783185276495;0,25001929812336
"72";-0,155878296957132;0,276651849178196
"73";0,0741124456819758;0,413383497472747
"74";0,219936105418916;0,44824063179761
"75";-0,305248678324778;-0,088193832692507
"76";0,323210443682651;-0,133254724795506
"77";0,26252741736211;0,0909657107474283
"78";-0,242564575375402;-0,0484411852447171
"79";0,138521607406718;0,0638726063114237
"80";-0,305248678324778;-0,088193832692507
"82";-0,0838037364554969;0,277576479696535
"84";-0,388771505226706;0,0195651293008688
"85";-0,156783990762246;-0,138144488935148
"86";0,272666988475921;-0,462869833691625
"87";0,48604736309846;-0,147372507776783
"88";-0,413359860036779;-0,112833751120212
"89";-0,30756259908756;-0,0247975453757055
"90";0,535288412310525;-0,20977011869119
"91";0,12026183235425;0,450646144621626
"92";-0,151799439209094;-0,233476382440899
"94";0,327130631274909;-0,157160323726496
"95";-0,0644276470410346;0,140027373212988
"96";0,535288412310525;-0,20977011869119
"97";-0,154055292670815;-0,25017516752588
"98";0,224454754468255;-0,382750289973177
"99";-0,453996387025966;-0,0876774086375606
"100";0,0914207054519232;0,251470490497074
"101";-0,135163489616823;0,211453831478751
"102";0,0123650291893179;0,0396242034255738
"103";-0,064441507885075;0,276607912426274
"104";0,138471556292288;-0,39541168357118
"105";0,392032542694948;0,0468567735062543
"107";-0,166071366195836;-0,100142421930619
"110";-0,0713597923034562;0,27815603974783
"111";-0,145070095221365;-0,354270592135169
"112";-0,415373858144515;0,0235181264797375
"113";0,311014602856952;0,31850308305293
"114";-0,218090084624119;-0,213289714977986
"115";-0,199519355755244;0,304413113616014
"116";0,35642171628549;0,0772115468226088
"117";-0,103744954804889;0,170211419044351
"118";-0,305248678324778;-0,088193832692507
"119";0,169549554193497;-0,491173571123885
"120";-8,9735314396752e-06;0,132197150461502
"121";-0,37349932455298;-0,113096756950397
"122";0,0556454637065902;0,234315868868201
"123";0,144945441013071;0,248734645640267
"124";0,243239895012925;0,141875630294274
"125";-0,424826765265653;0,0272790051797064
"126";-0,103744954804889;0,170211419044351
"129";-0,292842862104167;-0,143387612206311
"130";0,221075636057736;0,452610593338941
"131";-0,151588306983811;-0,119200944037632
"132";-0,0812460453279893;0,178368725999804
"133";-0,103744954804889;0,170211419044351
"134";-0,387914539088213;-0,0834613363661623
"135";-0,424826765265653;0,0272790051797064
"136";-0,0907230859712221;0,361175390356808
"137";-0,428588542830404;0,0250724355364416
"141";0,269779964957849;-0,507915461996444
"143";-0,124651940073008;0,266881017070764
"144";0,0899866204275225;0,184432356343081
"145";-0,401194158929285;-0,0986385317081685
"147";-0,334229818710075;-0,0569150528984436
"148";-0,259331937152994;-0,0896502456424412
"149";-0,237688342184817;-0,0950692406794705
"150";0,286847095672221;-0,503427702467096
"153";0,286847095672221;-0,503427702467096
"155";-0,439655222844392;-0,0418151889620922
"156";0,0195921888977758;-0,410039469307246
"157";-0,170965193551882;0,0338847298096826
"158";-0,349643131833106;-0,000333147926193214
"159";-0,236153250158953;-0,119760030280771
"161";0,279167594099728;0,0212713594896286
"162";-0,305248678324778;-0,088193832692507
"163";0,201410384358516;0,325492749471341
"164";-0,144870997511059;-0,163769990748769
"165";-0,424826765265653;0,0272790051797064
"167";0,443347855199326;-0,0756800022190311
"169";0,410607188505559;-0,0197118403499926
"170";0,119216097882639;-0,327282051313311
"171";0,0982554260588449;0,296609337747575
"174";0,0203671829926825;0,346134004973314
"176";-0,0552064706104622;0,292233345478205
"178";0,156902430812454;0,31266498266722
"179";-0,286937394515199;0,0559995389412702
"180";-0,35625227318087;-0,0847968361539816
"181";-0,171036684944833;0,261480959928108
"183";0,234960325038399;-0,472189487663243
"184";0,342342422560313;-0,0604763754524695
"185";-0,103744954804889;0,170211419044351
"186";0,320977066493289;-0,0622022626941872
"188";-0,456523001547001;-0,0367315211557626
"189";-0,305248678324778;-0,0881938326925071
"190";0,167551553749312;0,382178170550364
"191";0,00548996945526309;0,22777997156778
"192";0,0754329373123685;0,0460470314023233
"193";-0,453238315208984;-0,114976788642678
"194";-0,126313648540715;-0,0851601995741979
"196";0,319121463772049;0,0324193742164133
"197";0,130986386247025;-0,433168960776969
"198";0,124079535832913;0,105566328170796
"199";-8,97353143962246e-06;0,132197150461502
"200";-0,297491446703583;-0,114705043428683
"201";0,374219455404456;-0,0262085589971296
"202";-0,27437238338357;-0,0952996643126059
"204";-0,270069527797246;-0,0957950180736911
"206";0,299763786405343;-0,109736563440009
"208";-0,101850660638041;0,254733095439167
"210";0,155116723965934;0,0304902181772081
"211";0,486540432368791;-0,101355769619773
"212";0,0666775655256242;0,10650882259481
"213";0,240365473304298;0,0226601140507907
"214";0,0220767691195845;-0,413096649314453
"215";-0,305248678324778;-0,088193832692507
"217";-0,365381901241101;-0,0244445622197275
"219";-0,0391954491388158;-0,37782635305827
"220";0,118234896383732;0,211219828263398
"221";0,293855667247579;0,311598783961575
"223";0,244261700790707;0,398712069550543
"224";0,237814919200566;-0,0349101046704626
"225";-0,32332286271085;-0,14410797911236
"227";0,179528720197648;-0,376755257059053
"228";-0,195469407980532;0,304565553030075
"229";0,0123650291893179;0,0396242034255738
"230";-0,464625336646709;-0,0492661585802706
"231";-0,0878553780311915;0,229902215146713
"232";-0,368050732541868;-0,0664868074911779
"234";0,535288412310525;-0,20977011869119
"235";0,0309934110377412;0,179671659210321
"240";0,222559254120744;0,227916516552209
"241";-0,104971836806857;0,158891329060207
"242";-0,25849259077906;-0,00855575262318298
"243";-0,307560503065566;-0,106702276014945
"245";-0,240791668569439;-0,0650379505178031
"246";-0,294612199011111;-0,0948659230148235
"247";0,286847095672221;-0,503427702467096
"249";0,0971067147092314;0,281738345669385
"250";0,286847095672221;-0,503427702467095
"251";-0,165344701579371;0,306253687698022
"253";0,466719618873296;-0,149789993050209
"254";-0,0346445476049763;0,272044196249257
"255";-0,391531093876837;-0,0247389197695188
"256";0,178114640587719;0,134450865008756
"257";-0,109210534014381;-0,150010090923617
"259";0,256492751241685;-0,512678419537732
"262";-0,0725603640963147;0,354737330217959
"264";-0,134738200617901;-0,0214588453312424
"265";0,171887042611213;0,311794614444872
"268";0,224454754468255;-0,382750289973177
"271";0,210809569394381;0,132673269672674
"273";0,0512815969411085;0,0456615062437274
"274";-0,0760897427152929;-0,248640406014929
"275";-0,197273850651709;-0,22376133363593
"276";0,52078319984078;-0,199994450164922
"277";-0,0591144277883452;-0,306482725696306
"278";-0,305248678324778;-0,0881938326925071
"279";0,165740441381665;-0,0385242040017288
"280";0,535288412310525;-0,20977011869119
"281";0,511806249801616;-0,180956474146944
"282";0,139722446891143;0,366552065333266
"283";-0,103744954804889;0,170211419044351
"284";0,0369174272676665;0,186034577392964
"285";0,2564332316563;0,389952038673527
"286";0,50938007535179;-0,206941997196429
"288";0,392895884137465;0,012702425871598
"289";-0,0352864815449663;0,215572728544142
"290";-0,465437369311137;-0,101138478513195
"291";0,294873524968555;-0,0444684389425717
"293";0,266026856634799;-0,458194546635901
"294";-0,28997866023973;-0,0898127234315641
"295";0,267891977014018;0,415609818359368
"298";-0,403817747685369;-0,0475582674121301
"301";0,495268308339927;-0,126402319778096
"302";-0,197273850651709;-0,22376133363593
"305";-0,103744954804889;0,170211419044351
"307";-0,315036544816708;-0,0633711635280045
"308";0,202807480611297;-0,408182458994733
"309";0,107850440947769;-0,458522678380607
"314";0,214011312845543;0,437611136064811
"316";0,535288412310525;-0,20977011869119
"317";-0,381027331274777;-0,109126782832295
"318";-0,197273850651709;-0,22376133363593
"320";-0,182894366062464;-0,108547946556505
"321";-0,0327360621935484;-0,28646242349356
"322";-0,0863592196201628;-0,299915738556551
"324";0,108336028632527;0,375540066571574
"325";0,205433174044057;0,427093368621584
"326";-0,208368227888864;-0,12414365028344
"327";0,148681752510111;0,253802813525391
"329";-0,0571708762542035;0,170618578654302
"330";-0,0429614241664535;-0,18785990438494
"331";-0,336830118145843;-0,0901081808517827
"332";-0,0533049155874779;0,358609240328235
"333";0,286847095672221;-0,503427702467096
"334";-0,0322052749020656;0,171530814982709
"335";0,198499676238313;0,0157625543675643
"339";0,188077518049683;-0,464430490420551
"341";-0,455970778112085;-0,0343440984714958
"344";0,52078319984078;-0,199994450164922
"345";0,535288412310525;-0,20977011869119
"346";-0,17225379460762;-0,157603628733585
"348";0,173448517843965;0,0719780034725453
"349";-0,314546005335048;-0,149383173399848
"351";0,210489526942062;0,336681305678897
"354";0,181783185276494;0,25001929812336
"355";-0,184743305853148;-0,102490391987166
"356";0,286847095672221;-0,503427702467096
"357";0,286847095672221;-0,503427702467096
"358";-0,154055292670815;-0,25017516752588
"359";-0,0544661912150852;-0,253790248756977
"360";0,195756315344288;0,0743272427531336
"361";0,52078319984078;-0,199994450164922
"365";0,179368294663148;-0,305049958300369
"366";0,285702509295116;0,273611921505584
"367";0,163425575057313;0,358246224080435
"368";0,207799114701243;0,0118146745722838
"370";0,212322939955664;0,148984740525762
"371";0,219936105418916;0,44824063179761
"372";-0,38952522267059;0,020647672894937
"373";-0,341671095656362;-0,163192200240727
"374";0,313014911956841;0,0477859516173422
"375";0,111673495256169;-0,364541095392081
"376";-0,26780617047655;-0,0841624573575767
"378";-0,00458445883270702;0,222414545297596
"379";0,312600240010783;0,0673304115039384
"380";-0,103744954804889;0,170211419044351
"381";0,113271690989306;-0,348389307394205
"382";0,170888506487426;0,364343170601108
"383";-0,360394544946029;-0,0435142763806335
"384";0,070198166406698;0,30224194689104
"385";0,152596636811422;0,367953968934092
"386";-0,424826765265654;0,0272790051797064
"388";-0,179860978917531;0,278957035077013
"389";-0,0216313966804006;0,187683618323695
"390";-0,103744954804889;0,170211419044351
"391";-0,305248678324778;-0,0881938326925071
"394";-0,138644513482192;-0,193184781143026
"395";0,286847095672221;-0,503427702467095
"396";-0,103744954804889;0,170211419044351
"397";-0,195469407980533;0,304565553030075
"400";0,219936105418916;0,44824063179761
"401";-0,305248678324778;-0,0881938326925071
"402";0,155945075585297;0,194775022998024
"404";-0,090134008512348;-0,144013626654864
"406";0,0377658318457219;-0,4323137446342
"410";0,0899866204275224;0,184432356343081
"411";0,267887765535297;0,416646738547196
"412";0,41217437331435;0,0643308961843515
"413";-0,339746460979307;-0,0877602299115942
"414";0,209447743273577;0,139253383548276
"415";-0,0251823350218792;0,125794541066418
"416";0,0407636122372126;0,234750847681519
"417";-0,438607486356952;-0,0717161731790139
"418";-0,299052998374928;-0,12567428730413
"419";-0,00769252677778677;0,226150999565101
"422";-0,341671095656362;-0,163192200240727
"423";0,411135339994266;-0,195451536356063
"424";-0,387391861143649;-0,0282876108126067
"427";-0,341610258061144;0,0192372161006858
"428";0,246933902922977;0,379947905108928
"429";0,243194341049235;0,0808594066415049
"430";0,186993425602412;0,353451311632734
"432";0,246066245037754;-0,504724944775215
"434";0,107850440947769;-0,458522678380607
"435";0,0989364152759216;-0,359883461484824
"436";-0,212794889641472;0,305959218585725
"437";-0,24464422686533;-0,0818060279783935
"438";-0,147925523646154;-0,170291879984136
"439";-0,0389343985519102;-0,357163844624599
"440";0,233683703012731;0,111151740874669
"441";0,214056333413228;0,444323749251155
"442";0,447731052204678;-0,0868694051834344
"443";-0,244330452176033;-0,0561679372528966
"444";-0,383422944485285;0,038224620892139
"446";0,28684709567222;-0,503427702467096
"447";-0,216490727769656;0,303197194992313
"448";0,0522242283585252;-0,347154176197138
"449";0,1211585602606;0,205305536750388
"450";0,52078319984078;-0,199994450164922
"451";-0,243015835699284;0,252054812857592
"452";0,246066245037754;-0,504724944775215
"453";-0,149946615872677;-0,215558661538237
"455";-0,292502141541024;-0,0965396697169545
"457";-0,0327360621935485;-0,28646242349356
"458";0,126740260366617;0,195949838381696
"459";-0,418977270392069;-0,0571870639427577
"461";-0,0645771567624256;0,320158014147602
"462";0,0408575383233585;0,328832155614615
"463";0,313892670845784;0,0793346643282804
"465";0,177759249624603;0,236297990414292
"466";-0,139867325626145;-0,111999520190802
"467";0,27910837127645;0,25921642686259
"468";-0,411117926671909;0,0245809899119591
"469";0,226066633075863;0,34412937249685
"471";-0,35625227318087;-0,0847968361539817
"472";-0,0619131095429286;0,23700421572381
"473";0,0116425591695938;0,230913638760161
"474";0,267748176451699;0,0549052490840134
"475";-0,284475839868838;-0,136326834064777
"476";-0,29974479950647;-0,13523661949022
"479";0,177947325517818;0,246875699450557
"480";-0,103744954804889;0,170211419044351
"481";0,432237961694706;-0,0450306992491819
"482";-0,355330941895695;-0,074694242406063
"485";-0,115468275105254;-0,157423201182144
"486";-0,463298952666497;-0,020688593220783
"487";-0,0857886926206482;-0,193696922193296
"489";0,28722856348792;-0,0813632837683076
"491";-0,424826765265654;0,0272790051797063
"492";0,196038094964035;0,170047388384989
"493";0,273243296841827;-0,0199263482160572
"494";0,232126085175906;0,102075561153505
"496";-0,030259584488377;0,242278898148114
"497";-0,0704972788632022;-0,323190835689372
"498";-0,270069527797246;-0,0957950180736912
"499";0,0866781918279367;0,181478561176809
"500";-0,290440467839343;-0,0309905980895447
